{
    "ch_pos": {
        "Cz": [
            -0.0013741408533525957,
            0.027617093717945417,
            0.1401994941744
        ],
        "Fz": [
            -0.0012292786120998045,
            0.09327445212894307,
            0.10263929347682083
        ],
        "Oz": [
            -0.002060253553524364,
            -0.08278299035919615,
            0.06073663060774018
        ],
        "P3": [
            -0.05503823925315043,
            -0.04421030104524479,
            0.09990897692201318
        ],
        "P4": [
            0.053636008012841616,
            -0.044334525348021875,
            0.10051602773215543
        ],
        "PO7": [
            -0.056948628595126505,
            -0.06592324268349231,
            0.04790743802199564
        ],
        "PO8": [
            0.05355731544232249,
            -0.06641694037826472,
            0.04785097585047131
        ],
        "Pz": [
            -0.0017094524972804195,
            -0.04521299319629392,
            0.12667292418210066
        ]
    },
    "coord_frame": "head",
    "hpi": null,
    "hsp": null,
    "lpa": [
        -0.08249000592782271,
        1.5103261107041188e-09,
        9.43987943369251e-13
    ],
    "nasion": [
        -2.067159512141037e-09,
        0.11404662488902158,
        2.145978533762971e-11
    ],
    "rpa": [
        0.08249000592782271,
        -1.5103261107041188e-09,
        -9.43987943369251e-13
    ]
}